asset_id,event_date,event_id,installed_date,previous_repairs,previous_unplanned
A:cpjwvv,2011-05-06,E:6avbyn53sz,2011-03-25,1,1
A:xoauw0,2004-05-10,E:8h4dpsljy3,2003-08-28,1,1
A:xoauw0,2004-10-18,E:zl0sp2rps7,2004-05-10,2,2
A:xpqps2,2009-09-07,E:ndxhmxamfi,2007-10-03,1,1
A:m44bmt,2007-03-29,E:01zkvga68v,2007-03-26,1,1
A:m44bmt,2008-01-22,E:og70gj9mu2,2007-11-07,1,1
A:rwkyh1,2012-08-08,E:re73wqizzw,2012-07-02,1,1
A:rwkyh1,2012-10-27,E:t26co9a8zm,2012-08-08,2,2
A:tcftxv,2013-05-12,E:6i1xv6bfie,2012-08-22,1,1
A:tcftxv,2013-06-27,E:f0hqjkn3wi,2013-05-12,2,2
A:tcftxv,2014-04-01,E:q40rlnut9m,2013-06-27,3,3
A:tcftxv,2015-03-03,E:x45y7lmjyu,2015-02-09,1,1
A:9vxzhg,2009-02-06,E:g2hpop7202,2008-08-22,1,0
A:9vxzhg,2010-07-23,E:zuquzran2g,2010-05-03,1,1
A:9vxzhg,2011-12-09,E:8i1nd0zv0z,2010-11-29,1,1
A:9vxzhg,2012-03-13,E:zkmobjsfjr,2011-12-09,2,2
A:9vxzhg,2012-10-05,E:yokln5ollg,2012-04-08,1,1
A:cl0ool,2005-04-09,E:mc3xc4kzrt,2002-09-16,1,1
A:k1vxf4,2005-02-21,E:rfnlhf9bq1,2005-02-11,1,8
A:k1vxf4,2006-06-15,E:2vba49hi27,2005-03-24,1,0
A:k1vxf4,2007-08-17,E:9flk70pnvv,2006-07-21,1,0
A:k1vxf4,2008-02-01,E:ood57csgih,2007-08-17,2,0
A:k1vxf4,2010-03-30,E:xxi6f7xcqu,2008-03-07,1,1
A:k1vxf4,2012-02-03,E:oexv3gv381,2012-01-08,1,1
A:k1vxf4,2012-03-22,E:1aecqgjwwq,2012-02-03,2,2
A:klvrkr,2007-10-26,E:bcz9uzdtv4,2007-10-13,1,1
A:klvrkr,2008-01-28,E:5zrctqb2xv,2007-10-26,2,2
A:klvrkr,2008-10-21,E:2dyvssqo8a,2008-05-06,1,0
A:klvrkr,2008-10-21,E:bktjscclna,2008-10-21,2,0
A:klvrkr,2008-12-05,E:s0ghw1ykan,2008-11-09,1,1
A:klvrkr,2009-03-25,E:l2k7ga6iw9,2008-12-05,2,2
A:klvrkr,2009-08-10,E:k263rsqi7i,2009-03-25,3,3
A:klvrkr,2009-10-18,E:87ogbsrl3e,2009-09-25,1,1
A:klvrkr,2010-01-06,E:lzxh0v5p5z,2009-10-18,2,2
A:klvrkr,2010-07-22,E:svudj2vkaw,2010-02-16,1,1
A:klvrkr,2012-09-25,E:qyou97lcve,2012-08-03,1,1
A:klvrkr,2013-09-09,E:n5lm7anfe7,2013-07-17,1,1
A:klvrkr,2013-10-17,E:zzsqd37fk7,2013-09-09,2,2
A:klvrkr,2014-07-02,E:e0j5pbjq1u,2014-05-07,1,0
A:klvrkr,2014-10-27,E:0i76wxzas7,2014-07-24,1,1
A:klvrkr,2014-11-22,E:fz16w7lsgv,2014-10-27,2,2
A:klvrkr,2014-11-26,E:v8ohpd7c70,2014-11-22,3,3
A:klvrkr,2015-01-27,E:vaofi0xz0r,2014-12-27,1,1
A:klvrkr,2015-05-29,E:06h5zq4wn3,2015-02-12,1,1
A:klvrkr,2015-10-13,E:944nfs9dhh,2015-05-29,2,2
A:klvrkr,2015-12-08,E:9yzkefdq4q,2015-10-13,3,2
A:klvrkr,2016-01-22,E:ufafgrnzxo,2015-12-08,4,3
A:k0dljd,2011-09-14,E:mqrly95bea,2010-11-18,1,1
A:k0dljd,2011-12-20,E:rlqxd26sn1,2011-09-14,2,2
A:k0dljd,2012-03-02,E:sfwpmnnd02,2011-12-20,3,3
A:k0dljd,2012-06-10,E:n5457suojw,2012-03-02,4,4
A:k0dljd,2012-10-21,E:c0672la2sc,2012-07-20,1,1
A:k0dljd,2013-11-04,E:exema3cl0y,2013-05-20,1,0
A:k0dljd,2014-01-13,E:curtxd53q0,2013-11-04,2,1
A:47c7yg,2003-08-12,E:0nz500zp6z,2003-01-30,1,1
A:47c7yg,2004-05-31,E:wynxjnyvgz,2004-04-05,1,0
A:47c7yg,2005-03-21,E:mz03gyc6en,2005-02-08,1,1
A:47c7yg,2005-06-13,E:6pwqa2djae,2005-03-21,2,2
A:47c7yg,2006-07-14,E:dmpk4egb6a,2006-02-03,1,1
A:47c7yg,2006-09-08,E:qb2qnsvp1z,2006-07-14,2,1
A:ux9ja1,2012-11-21,E:xuf13bg0cl,2012-09-26,1,0
A:ux9ja1,2016-06-02,E:zfi00fb2h5,2016-05-27,1,1
A:xbmr62,2005-03-26,E:j1pu2iegfx,2005-01-10,1,1
A:xbmr62,2006-10-30,E:wdn5qgxr4f,2006-03-27,1,1
A:xbmr62,2007-04-21,E:blp5bjxenq,2006-10-30,2,2
A:xbmr62,2007-10-26,E:mhm80l1nnq,2007-06-05,1,1
A:xbmr62,2007-11-22,E:ue6m2q0b79,2007-10-26,2,2
A:xbmr62,2007-12-09,E:13u6nswmrn,2007-11-22,3,3
A:mv05y9,2003-11-11,E:k60mh1tarl,2003-07-22,1,0
A:mv05y9,2003-11-11,E:q5lz895ja5,2003-11-11,2,0
A:mv05y9,2004-01-07,E:c6xahjs9ni,2003-11-11,3,1
A:mv05y9,2004-06-04,E:piecuttct0,2004-01-07,4,2
A:mv05y9,2004-07-13,E:iiccn4cl8w,2004-06-04,5,3
A:mv05y9,2005-08-03,E:r4ttm21op3,2004-07-13,6,4
A:cra98o,2012-10-13,E:fnibpd03vr,2012-06-06,1,1
A:cra98o,2013-04-13,E:zrrg65sp38,2012-12-08,1,1
A:cra98o,2013-06-08,E:q25to66f0b,2013-04-13,2,1
A:rn9tus,2004-06-05,E:e6bpbigkhl,2004-06-05,1,0
A:rn9tus,2004-12-30,E:hz6nzx1en3,2004-08-05,1,1
A:rn9tus,2005-05-16,E:hf9kr8fg0k,2005-04-21,1,1
A:rn9tus,2006-07-22,E:hjrupg4f51,2006-04-25,1,1
A:rn9tus,2007-01-17,E:jjg27n9cnz,2006-12-28,1,1
A:rn9tus,2007-01-17,E:5di0e95qx6,2007-01-17,2,1
A:rn9tus,2007-09-26,E:nzlslgakf5,2007-01-17,3,2
A:rn9tus,2008-01-23,E:fexjsxhblu,2007-10-03,1,0
A:rn9tus,2008-07-09,E:l7or8b8ub6,2008-01-23,2,0
A:rn9tus,2009-03-06,E:u7f7ymsiww,2009-01-23,1,1
A:p1qpcx,2012-05-28,E:ugvq1tmb4b,2012-03-05,1,1
A:z7x72w,2004-12-19,E:hlcngqiiwq,2004-07-18,1,7
A:z7x72w,2005-09-03,E:pu89wkwy89,2005-04-22,1,1
A:z7x72w,2007-02-05,E:qc4q8w3y1o,2007-02-01,1,1
A:z7x72w,2007-04-02,E:ci9ve4iz14,2007-02-05,2,1
A:z7x72w,2007-07-30,E:5mshw3wdb7,2007-04-02,3,2
A:z7x72w,2008-01-18,E:refryds8fc,2007-09-25,1,1
A:997xxg,2002-06-09,E:b0vbh7r9b1,2002-05-22,1,1
A:997xxg,2003-01-19,E:0if9bggjl3,2002-06-09,2,1
A:997xxg,2003-04-17,E:t9hp2p4dlk,2003-03-16,1,1
A:997xxg,2004-02-25,E:by1pxq1b7c,2003-10-06,1,1
A:997xxg,2004-05-13,E:anga5w9w1y,2004-02-25,2,2
A:997xxg,2006-03-12,E:r1ctonmz8m,2006-02-02,1,1
A:997xxg,2006-08-16,E:1l6ldb7zfg,2006-03-12,2,2
A:997xxg,2008-03-15,E:4l0bprnmgv,2007-06-06,1,1
A:997xxg,2008-05-26,E:rsy2xita3r,2008-03-15,2,2
A:32x8eq,2017-04-20,E:5y11f5uuu3,2016-09-26,1,1
A:kp3wud,2010-02-22,E:ne94jzs7wg,2009-04-29,1,1
A:kp3wud,2014-12-08,E:teljhpifke,2014-10-08,1,1
A:kp3wud,2015-02-02,E:07yjv6j2dm,2014-12-08,2,1
A:rbie9x,2000-12-19,E:dgwjqrnnof,2000-10-22,2,1
A:rbie9x,2000-12-22,E:4rnhgbmfmv,2000-12-19,3,2
A:rbie9x,2001-09-24,E:zccmpny77v,2001-09-19,1,1
A:rbie9x,2001-12-24,E:j5n0obbgpm,2001-09-24,2,2
A:rbie9x,2002-04-07,E:dy8sme65pg,2002-01-27,1,1
A:rbie9x,2002-05-14,E:dnjl461b0v,2002-04-07,2,2
A:rbie9x,2004-10-24,E:snrtkpq1v2,2004-05-05,1,1
A:rbie9x,2005-01-02,E:18v10czet0,2004-10-24,2,2
A:rbie9x,2005-01-28,E:gxyc95nmr5,2005-01-28,1,0
A:rbie9x,2007-01-01,E:ywcqo5wa2y,2006-06-03,1,1
A:rbie9x,2007-01-22,E:twjbe14vkm,2007-01-01,2,2
A:rbie9x,2007-05-23,E:dh083tmves,2007-04-22,1,1
A:rbie9x,2007-07-13,E:rpe41lnel6,2007-07-05,1,1
A:rbie9x,2008-08-09,E:y40wzdyr99,2007-11-02,1,1
A:ucexfa,2010-02-27,E:ls4jvpumvd,2009-08-05,1,1
A:ucexfa,2010-06-28,E:h4afivkr8a,2010-02-27,2,2
A:ucexfa,2012-08-28,E:lsi9c26rum,2012-07-25,1,1
A:ucexfa,2013-07-24,E:m0zxzkij9w,2013-06-19,1,1
A:ucexfa,2016-10-26,E:2onfg7zy64,2015-10-11,1,1
A:ucexfa,2016-11-29,E:hmrz9ev3ml,2016-11-09,1,1
A:yual0k,2008-06-17,E:s6jfwzwkcu,2007-07-26,1,3
A:yual0k,2009-04-29,E:tyqrb63z46,2008-06-17,2,4
A:yual0k,2009-10-20,E:20qgw3l9kg,2009-04-29,3,5
A:yual0k,2010-07-29,E:8y1njgfznz,2010-02-24,1,1
A:yual0k,2013-04-10,E:kr2cluyr2b,2012-12-04,1,1
A:yual0k,2014-01-18,E:kkir4yw5y5,2013-04-10,2,2
A:yual0k,2015-11-06,E:t9mhet3v55,2015-08-16,1,1
A:yual0k,2016-01-27,E:gye4o5da6h,2016-01-17,1,1
A:8frj9b,2004-11-06,E:pydisziq6b,2004-09-09,1,1
A:8frj9b,2005-11-02,E:jr561c38au,2005-01-08,1,1
A:8frj9b,2007-03-23,E:9gsf1dd2w8,2007-03-12,1,1
A:8frj9b,2007-07-21,E:jp3sfes9ku,2007-07-13,1,1
A:8frj9b,2010-06-30,E:gkr7ofs1cy,2009-12-23,1,1
A:8frj9b,2010-08-21,E:qe7adsnpic,2010-06-30,2,2
A:8frj9b,2011-02-17,E:y1ft3fowuu,2010-08-21,3,3
A:t4g64b,2016-07-09,E:umvi2cmsdj,2015-10-10,1,1
A:s7m6fn,2006-02-23,E:qju9g6poeo,2006-02-11,1,1
A:s7m6fn,2006-11-28,E:pko5rciybh,2006-04-29,1,1
A:s7m6fn,2007-01-04,E:oqz5ajxy80,2006-11-28,2,2
A:s7m6fn,2007-06-15,E:r7ufob1ggw,2007-03-17,1,1
A:s7m6fn,2007-10-08,E:b6px1gy8x8,2007-06-15,2,2
A:2l5xk0,2015-11-25,E:eolus0hdas,2015-07-18,1,1
A:2l5xk0,2017-05-12,E:4wijkixg0h,2016-09-30,1,0
A:cvgz4f,2010-06-08,E:8eqv4qxdgw,2010-03-24,1,1
A:cvgz4f,2011-06-06,E:9g8b6lqhqx,2010-10-08,1,1
A:cvgz4f,2011-10-07,E:k5u9m3u6qf,2011-07-14,1,1
A:cvgz4f,2011-10-16,E:pgokis2q7h,2011-10-07,2,2
A:cvgz4f,2012-02-17,E:2p05588wbj,2011-11-15,1,1
A:cvgz4f,2012-06-07,E:olx0nj8n0h,2012-02-17,2,2
A:cvgz4f,2013-02-17,E:0dngh2hva5,2012-06-07,3,3
A:cvgz4f,2015-12-28,E:6a3wcuj7f0,2015-09-04,1,1
A:5f368w,2002-07-14,E:0jq3qc5nw6,2002-06-18,1,1
A:jbwut5,2006-02-06,E:r4465eemze,2006-02-06,1,0
A:jbwut5,2006-10-16,E:ax19ge3md0,2006-10-13,1,1
A:jbwut5,2006-12-09,E:bzutoohiav,2006-10-16,2,2
A:jbwut5,2006-12-09,E:qmjcyyb61q,2006-12-09,3,2
A:jbwut5,2007-05-26,E:5o1uyd59h2,2006-12-09,4,2
A:jbwut5,2007-07-01,E:ggsgtxiey3,2007-05-26,5,3
A:jbwut5,2008-03-04,E:hi1y0htndm,2007-07-01,6,4
A:jbwut5,2008-07-20,E:0pvpgw3aqz,2008-07-09,1,1
A:jbwut5,2008-09-14,E:ph0nz938jd,2008-07-20,2,1
A:jbwut5,2009-01-29,E:mhu9e52der,2008-09-14,3,2
A:jbwut5,2011-12-23,E:sm465cfx89,2011-02-05,1,1
A:jbwut5,2012-11-24,E:sh09j3hbve,2012-03-08,1,1
A:jbwut5,2013-01-23,E:ulgmw3qqf9,2012-11-24,2,2
A:jbwut5,2013-05-15,E:vn3a701f97,2013-01-23,3,2
A:jbwut5,2014-02-13,E:waml7wav9q,2013-05-15,4,3
A:ewbgg3,2016-08-04,E:3b38fzpwkq,2016-04-26,1,1
A:ewbgg3,2016-08-24,E:mis8vsjux7,2016-08-23,1,1
A:ewbgg3,2016-10-14,E:ayxfk9s7uh,2016-09-02,1,1
A:ewbgg3,2016-12-31,E:jn8z72q69d,2016-10-14,2,2
A:sq6uz1,2008-10-10,E:cyer3q1y6w,2008-08-03,1,1
A:sq6uz1,2010-08-16,E:8gyw2b8s3u,2010-03-09,1,1
A:sq6uz1,2011-04-01,E:qm7rsptylc,2010-08-20,1,0
A:sq6uz1,2011-05-20,E:0txhdjrovw,2011-04-01,2,1
A:sq6uz1,2011-07-04,E:1afq9uq9nh,2011-05-20,3,2
A:qpl5h9,2006-11-11,E:ot1grz6rx5,2006-07-13,1,1
A:qpl5h9,2007-05-19,E:8boos55lcu,2007-01-27,1,0
A:qpl5h9,2008-02-14,E:mukjafoo1b,2007-12-09,1,1
A:qpl5h9,2008-08-27,E:n8jbcv4a36,2008-02-14,2,2
A:qpl5h9,2009-02-03,E:cdpayf95b0,2008-08-27,3,3
A:qpl5h9,2009-03-21,E:8yx6ajxhws,2009-02-03,4,4
A:qpl5h9,2010-07-17,E:1pwgux8chf,2009-10-10,1,0
A:qpl5h9,2010-12-27,E:018wdibwpn,2010-11-29,1,1
A:q0n833,2003-05-23,E:041w0uiy01,2001-09-17,1,1
A:y6xa1d,2009-04-30,E:qwmwyjsjeu,2009-01-08,1,5
A:y6xa1d,2009-06-19,E:3q6hhla87p,2009-04-30,2,6
A:y6xa1d,2011-03-29,E:ugtr3qzzm1,2010-04-27,1,0
A:y6xa1d,2012-02-28,E:8s6z4kzoxv,2011-03-29,2,0
A:y6xa1d,2012-03-28,E:7a6rikwibd,2012-02-28,3,1
A:y6xa1d,2013-04-14,E:7rosdmzuum,2012-12-23,1,0
A:eg6u81,2014-02-05,E:e07qz9ijfz,2013-05-01,1,0
A:eg6u81,2014-06-03,E:nbiyal3pk8,2014-02-05,2,1
A:eg6u81,2016-11-02,E:g76fkjdyef,2016-10-31,1,1
A:isdqhz,2010-10-09,E:ielaiviwhr,2010-10-06,1,1
A:isdqhz,2012-10-22,E:fnpoy4mk3p,2012-03-16,1,1
A:isdqhz,2013-01-24,E:f2g9dvc6uc,2012-10-22,2,2
A:isdqhz,2015-06-28,E:pmktdacyp0,2014-07-27,1,0
A:isdqhz,2015-08-11,E:xq3zgbe6mo,2015-06-28,2,1
A:yg7hld,2010-04-21,E:x3484iw8r9,2009-07-18,1,1
A:yg7hld,2011-12-18,E:e4gbnwgh1j,2010-05-21,1,1
A:yg7hld,2012-03-30,E:vw8l872o12,2011-12-18,2,2
A:5v3d67,2008-01-28,E:hfggh7jw4m,2008-01-28,1,0
A:5v3d67,2008-03-13,E:a7allvxxoz,2008-02-22,1,1
A:5v3d67,2008-04-28,E:5qnl6hus7n,2008-03-13,2,2
A:5v3d67,2008-07-23,E:20htbwjs3t,2008-04-28,3,3
A:sa8l1t,2014-10-19,E:i5jb33qsfn,2014-08-04,1,1
A:sa8l1t,2015-05-03,E:cwdjz0xm1e,2014-12-15,1,1
A:sa8l1t,2015-09-24,E:5862astkrg,2015-05-03,2,2
A:uu7xqz,2009-03-19,E:4u6s9grb4r,2008-06-14,1,1
A:uu7xqz,2009-04-24,E:vs53p7xyqw,2009-03-19,2,2
A:uu7xqz,2009-06-03,E:vo10fjwlz5,2009-04-24,3,3
A:uu7xqz,2010-06-27,E:8b4tj54myp,2009-09-26,1,1
A:uu7xqz,2012-01-08,E:rqeys64di8,2011-02-06,1,0
A:uu7xqz,2012-01-09,E:fpnu1rg564,2012-01-09,1,0
A:1tnbap,2010-04-07,E:xoc153687g,2010-02-09,1,1
A:1tnbap,2010-08-19,E:jzxa9wsy82,2010-08-19,1,0
A:1tnbap,2014-03-30,E:47nvrp4vt4,2013-04-28,1,0
A:1tnbap,2014-05-02,E:glqqwk8nm6,2014-03-30,2,1
A:1tnbap,2014-07-03,E:0sy3tebqj2,2014-05-02,3,2
A:1tnbap,2014-08-02,E:g5ynaia5ii,2014-07-03,4,3
A:5d22ak,2012-07-30,E:tyvxhjpp3o,2011-11-25,1,1
A:5d22ak,2012-07-30,E:3h6etiz5y0,2012-07-30,2,1
A:5d22ak,2012-11-16,E:gugrst10bq,2012-07-30,3,2
A:5d22ak,2014-10-23,E:us7e2jbmi3,2014-09-08,1,1
A:5d22ak,2015-05-23,E:55adxipvs6,2015-01-31,1,0
A:5d22ak,2016-04-23,E:lcdh1gjmai,2015-06-09,1,1
A:5d22ak,2016-06-15,E:wn8a4l6uhg,2016-05-28,1,1
A:27cgf1,2010-06-25,E:w8xy4am2vo,2010-04-30,1,0
A:27cgf1,2010-09-25,E:1mfbobzipw,2010-06-25,2,1
A:27cgf1,2011-07-07,E:3l1u178j8y,2011-04-14,1,1
A:27cgf1,2012-01-07,E:cen4zfv8d0,2012-01-07,1,0
A:27cgf1,2012-06-14,E:hwowczp42p,2012-01-07,2,1
A:27cgf1,2013-01-11,E:yx0l4c9upp,2012-08-09,1,1
A:27cgf1,2013-09-13,E:014s4adv5i,2013-01-11,2,2
A:27cgf1,2014-01-07,E:8ydqryk4wo,2013-12-25,1,1
A:27cgf1,2014-04-08,E:3k0ermb9v2,2014-01-07,2,2
A:27cgf1,2014-04-08,E:3mdjz07cnc,2014-04-08,3,3
A:1l42ro,2015-02-24,E:yv22sr78hv,2014-09-09,1,1
A:1l42ro,2016-03-24,E:m3ldbwmjij,2015-06-18,1,0
A:djs33h,2006-02-21,E:0jpgg13jxo,2005-12-18,1,1
A:djs33h,2007-01-30,E:nhs27j5qs6,2006-02-21,2,2
A:djs33h,2007-07-07,E:kuvmfp82c4,2007-01-30,3,3
A:djs33h,2008-04-12,E:l930klhpo3,2007-12-22,1,0
A:58wn0l,2013-09-18,E:rhuw7ceqo3,2013-04-03,1,0
A:58wn0l,2014-03-31,E:9rxsccqrb6,2013-11-13,1,1
A:58wn0l,2014-05-26,E:uhu89dmjpl,2014-03-31,2,2
A:amfm62,2016-04-19,E:fstgtromu8,2016-02-23,1,0
A:amxwpn,2012-04-12,E:dc3nbukiok,2012-04-06,1,1
A:amxwpn,2013-02-27,E:x9x1ypycey,2012-11-07,1,0
A:amxwpn,2013-09-04,E:3k27dvkp6k,2013-07-10,1,0
A:amxwpn,2014-01-30,E:yq7rzlwwc5,2013-09-04,2,1
A:amxwpn,2014-02-10,E:25pblmdd4c,2014-01-30,3,2
A:amxwpn,2017-04-24,E:zdz8p3hhgj,2016-09-13,1,1
A:07o72w,2016-04-15,E:nfgbgfqhnz,2016-02-13,1,1
A:pq5sqw,2010-09-14,E:ujjqvk5x5h,2010-05-05,1,1
A:pq5sqw,2011-03-02,E:yu3nfezjnl,2010-09-14,2,2
A:pq5sqw,2012-03-02,E:gidkz2v3uy,2011-03-02,3,3
A:pq5sqw,2012-03-23,E:evcn0an10t,2012-03-02,4,4
A:pq5sqw,2012-05-18,E:eosdqjth7d,2012-03-23,5,5
A:seq8h6,2004-08-06,E:1vmaxnents,2003-12-26,1,0
A:seq8h6,2005-04-04,E:nli6kzpf8m,2004-08-06,2,1
A:l1k1g0,2009-12-10,E:egtw6u37qn,2009-01-08,1,0
A:l1k1g0,2010-04-12,E:uq6pbfnhmi,2009-12-21,1,0
A:l1k1g0,2012-04-27,E:tww6n9p4qw,2011-05-15,1,1
A:wd1m00,2001-01-23,E:2f4q5vawn1,2000-10-21,1,1
A:wd1m00,2001-05-13,E:ki9d4uidbe,2001-01-23,2,2
A:wd1m00,2001-12-08,E:iaiozp41bi,2001-09-15,1,1
A:wd1m00,2004-06-22,E:o8mqxsjb46,2004-02-28,1,1
A:wd1m00,2004-09-24,E:idy3fyfsr6,2004-06-22,2,2
A:wd1m00,2005-03-27,E:fdyyhshso8,2005-03-16,1,1
A:wd1m00,2005-06-18,E:aedpe4dz0f,2005-03-27,2,2
A:wd1m00,2005-07-04,E:1rh0tgu9y7,2005-06-18,3,3
A:wd1m00,2006-01-31,E:23m4zuhglv,2005-08-07,1,1
A:wd1m00,2007-11-13,E:01zody1r9n,2006-01-31,2,2
A:wd1m00,2008-10-18,E:tbru7nqesh,2008-03-04,1,1
A:6psh3n,2004-07-09,E:1rry548ut4,2004-04-06,1,1
A:6psh3n,2005-03-09,E:dr7ckvnv1c,2004-07-09,2,2
A:6psh3n,2005-08-27,E:v1g60pn7di,2005-07-26,1,1
A:6psh3n,2006-09-03,E:8eadsfag23,2006-09-03,1,0
A:6psh3n,2007-07-11,E:n9f8hd2gac,2007-04-12,1,1
A:6psh3n,2007-09-20,E:73q7vvxlxo,2007-07-11,2,2
A:6psh3n,2007-11-09,E:myw34gnm69,2007-09-20,3,3
A:6psh3n,2008-07-21,E:w7abln87zx,2007-11-09,4,4
A:6psh3n,2008-09-30,E:kuvum5vwg6,2008-07-21,5,5
A:djfvqu,2016-03-30,E:7tiwjtoiwx,2016-02-03,1,0
A:6147qw,2000-08-14,E:ykn94yb8lb,2000-06-26,1,1
A:6147qw,2000-11-19,E:tfwiyotags,2000-08-14,2,2
A:6147qw,2001-08-14,E:grxbnnbohk,2001-04-16,1,1
A:6147qw,2004-05-23,E:xt4v7yxrvf,2004-01-23,1,1
A:6147qw,2004-11-09,E:7c9g6lrb0n,2004-05-23,2,2
A:6147qw,2006-04-01,E:8hiagcpbih,2006-01-05,1,1
A:6147qw,2007-01-06,E:ciiu5ee4oh,2006-04-01,2,1
A:6147qw,2007-04-04,E:e7x6mqggpd,2007-01-06,3,2
A:c187iz,2009-09-18,E:bug8rkadh9,2009-03-24,1,1
A:c187iz,2010-01-08,E:33nke69ltf,2009-09-18,2,1
A:c187iz,2010-10-20,E:nm5bzues5o,2010-08-13,1,1
A:byzjpt,2006-12-23,E:dvpghzb15a,2004-02-19,1,1
A:byzjpt,2006-12-31,E:vkd8lo6ef8,2006-12-23,1,1
A:byzjpt,2007-03-18,E:xb2ctvcmim,2007-01-14,1,1
A:8w37lv,2011-04-11,E:910q4vsahe,2010-11-11,1,1
A:8w37lv,2011-08-17,E:3nwoms4gr6,2011-04-11,2,2
A:8w37lv,2011-08-29,E:h1mkjdw32e,2011-08-17,3,3
A:8jxvaj,2002-08-11,E:x4k3sk883c,2002-06-23,1,1
A:8jxvaj,2004-07-15,E:gcpuj11w8u,2004-07-01,1,1
A:8jxvaj,2004-07-17,E:4dvhm4irmv,2004-07-15,2,2
A:8jxvaj,2004-09-11,E:0noqmq7vgd,2004-07-17,3,2
A:kseupf,2005-10-15,E:dku4ilndfk,2005-08-24,1,1
A:kseupf,2007-09-20,E:5aqkt1krcr,2007-07-17,1,1
A:kdfnya,2014-09-07,E:pzlxm1gn4j,2013-08-11,1,0
A:kdfnya,2015-03-29,E:n6zn6i84lv,2015-03-29,1,0
A:0omw8r,2014-04-05,E:giextdzhhc,2013-11-04,1,1
A:0omw8r,2015-01-08,E:r2e7wdwzqk,2014-04-05,2,2
A:ugx9g0,2003-04-20,E:iw67rcp869,2002-09-08,1,0
A:ugx9g0,2004-12-19,E:ozungf4rg5,2004-12-11,1,1
A:ugx9g0,2004-12-19,E:nlpz9exo1j,2004-12-19,2,1
A:ugx9g0,2005-05-14,E:id3d787wl1,2005-04-10,1,1
A:a8vbzm,2015-05-15,E:wnk73deg4u,2015-03-06,1,1
A:a8vbzm,2015-09-20,E:mv0q7f9hym,2015-05-15,2,2
A:a8vbzm,2015-11-19,E:kmvfs2wnfj,2015-09-20,3,3
A:hhuqjc,2000-03-02,E:bx5o7adkb7,2000-01-06,1,0
A:hhuqjc,2002-06-29,E:k6i5woa1q6,2002-04-02,1,1
A:hhuqjc,2002-10-12,E:5qxqawdbxq,2002-07-15,1,1
A:hhuqjc,2006-11-02,E:p0jgcxu70x,2006-03-30,1,1
A:hhuqjc,2007-01-26,E:ijrnrqcqir,2006-11-02,2,2
A:hhuqjc,2008-02-06,E:s2m20jc4kc,2007-12-19,1,1
A:isw7vw,2004-10-19,E:jrwnee48jz,2004-09-06,1,4
A:isw7vw,2004-11-18,E:mw0yqxsscl,2004-10-19,2,5
A:isw7vw,2005-05-06,E:a3ixxyr8s7,2005-05-06,1,1
A:isw7vw,2006-09-05,E:u5fx3kshyt,2006-08-24,1,1
A:isw7vw,2008-02-03,E:mmw20l89g6,2006-09-05,2,2
A:isw7vw,2008-03-22,E:noivfinq5k,2008-02-03,3,3
A:isw7vw,2008-07-14,E:0fpxb8wo2r,2008-03-22,4,4
A:isw7vw,2008-07-14,E:9foewyljws,2008-07-14,5,4
A:isw7vw,2009-02-08,E:8fporlyzjd,2008-07-14,6,5
A:isw7vw,2009-09-23,E:ie1reopaoh,2009-06-03,1,0
A:isw7vw,2010-01-03,E:z41txnzw4a,2009-09-23,2,1
A:isw7vw,2010-02-28,E:fuchgnjhse,2010-01-03,3,1
A:isw7vw,2010-10-10,E:y9qgk52gt4,2010-02-28,4,1
A:isw7vw,2013-02-08,E:lmk7v1aec3,2012-09-13,1,1
A:ntu7wr,2002-01-31,E:i2j9nhrrrz,2001-12-18,1,1
A:yyf9h1,2010-02-15,E:1e2u9eelg2,2008-10-15,1,1
A:bt619v,2008-11-11,E:fumhguz5ip,2008-08-04,1,1
A:bt619v,2009-06-20,E:o59kc0gehw,2008-11-11,2,2
A:bt619v,2009-10-14,E:bgz2h9q5nv,2009-06-20,3,3
A:bt619v,2009-12-23,E:c07lsn4vml,2009-10-27,1,1
A:bt619v,2013-07-05,E:wvtzi7t2bd,2011-04-12,1,1
A:hfzjr5,2001-09-09,E:7xwadctvrr,2001-05-20,1,0
A:hfzjr5,2001-10-13,E:xoxpled8xi,2001-09-09,2,1
A:hfzjr5,2002-07-12,E:9ymdficnop,2002-05-06,1,1
A:hfzjr5,2006-08-09,E:ycw8us31pg,2004-12-31,1,1
A:hfzjr5,2006-09-23,E:3vh8jskc1p,2006-08-09,2,2
A:hfzjr5,2006-10-26,E:v3f3lo3i44,2006-09-23,3,3
A:hfzjr5,2007-01-17,E:j05cqizll1,2006-10-26,4,4
A:hfzjr5,2007-07-14,E:752ct901i4,2007-06-19,1,1
A:hfzjr5,2007-11-12,E:8lvgpeqo7p,2007-07-14,2,2
A:hfzjr5,2007-12-30,E:su4lq7dw1q,2007-11-12,3,3
A:lmbd5f,2002-02-05,E:ckqj3nsp6t,2001-10-16,1,0
A:lmbd5f,2003-04-12,E:eng7yxcrer,2002-07-08,1,1
A:hozblw,2011-12-10,E:couu1rtaaa,2010-09-28,1,1
A:hozblw,2012-07-21,E:ys51vgs9de,2011-12-10,2,1
A:9f897g,2002-07-30,E:5q9qcdbrl4,2002-06-23,1,1
A:iavlyf,2010-09-22,E:kmf1sbf0do,2009-10-21,1,0
A:iavlyf,2011-02-21,E:0qr9fn9ogl,2010-09-22,2,1
A:iavlyf,2011-07-05,E:mrvtot3exp,2011-02-21,3,2
A:iavlyf,2012-10-29,E:o8b20vj0gt,2011-07-05,4,3
A:iavlyf,2013-02-14,E:asfc89pwlo,2013-01-21,1,1
A:xrkuva,2000-07-04,E:xn44mozivg,2000-06-16,1,1
A:xrkuva,2002-12-27,E:7a3bwgjtp3,2002-05-18,1,1
A:xrkuva,2003-01-11,E:boshbexo3n,2002-12-27,2,2
A:xrkuva,2003-04-15,E:d5gyyko1nl,2003-04-05,1,1
A:xrkuva,2003-09-12,E:qv3atgggjs,2003-04-15,2,2
A:10qqix,2002-06-18,E:ibtcm66ezr,2002-04-13,1,1
A:10qqix,2003-04-03,E:hjbjqtmzee,2003-03-03,1,1
A:10qqix,2003-05-24,E:0uq1s4srgz,2003-04-03,2,2
A:10qqix,2003-12-02,E:4ktanqe2sy,2003-05-24,3,3
A:10qqix,2005-02-22,E:1hielalgzz,2003-12-02,4,3
A:m1hm7v,2010-06-23,E:pgqa8wza4y,2010-05-23,1,1
A:m1hm7v,2010-10-15,E:anioiytyms,2010-06-23,2,2
A:m1hm7v,2010-12-10,E:78nfvob1fk,2010-10-15,3,2
A:m1hm7v,2016-12-26,E:xot2isak7p,2016-10-16,1,1
A:ke4wq7,2002-11-08,E:9n30o0ztl5,2001-10-12,1,0
A:ke4wq7,2003-11-01,E:1gpplynije,2002-11-08,2,1
A:1xy43l,2016-12-02,E:4jocxkror4,2016-10-07,1,0
A:utmki6,2013-11-16,E:thkxmzg1xa,2013-01-24,1,1
A:utmki6,2014-02-18,E:b5h8nhkrod,2013-11-16,2,2
A:utmki6,2015-06-07,E:eu5i8brsor,2015-02-15,1,0
A:utmki6,2015-09-05,E:su6klm23hz,2015-06-28,1,1
A:utmki6,2015-09-05,E:a3e2ekk1m8,2015-09-05,2,1
A:utmki6,2015-09-17,E:0e50gd1z4x,2015-09-05,3,2
A:uhmo5w,2006-07-11,E:2tr0f89xbd,2006-06-22,1,1
A:uhmo5w,2007-05-04,E:yquprnf1j2,2007-03-20,1,1
A:uhmo5w,2007-08-24,E:gbxoo84yze,2007-05-04,2,1
A:uhmo5w,2007-09-16,E:hwisnz59we,2007-08-24,3,2
A:uhmo5w,2011-04-11,E:6xf5and3h9,2010-03-15,1,0
A:uhmo5w,2011-06-06,E:qat74w72us,2011-04-11,2,0
A:uhmo5w,2012-05-12,E:p800rkfu3p,2011-06-17,1,1
A:uhmo5w,2012-10-03,E:6aj7xvhniz,2012-05-12,2,2
A:uhmo5w,2013-08-09,E:eb8061bhcg,2013-08-05,1,1
A:uhmo5w,2014-07-24,E:71k1vhehbd,2013-08-09,2,2
A:jqy7o1,2012-08-21,E:ro885k3r81,2012-08-21,1,0
A:jqy7o1,2013-11-16,E:cp2z1rj1dn,2013-11-16,1,0
A:gbz637,2004-05-05,E:t8menrj79e,2004-03-06,1,1
A:gbz637,2004-05-16,E:76nqt3krao,2004-05-05,2,2
A:gbz637,2005-01-05,E:bvbbxjeu30,2004-12-16,1,1
A:gbz637,2006-04-25,E:5m2z46bhqy,2005-08-25,1,1
A:gbz637,2006-05-10,E:dv5avgxnyu,2006-04-25,2,2
A:gbz637,2006-10-26,E:0lacyrq9xr,2006-10-17,1,1
A:gbz637,2007-02-21,E:lidfmcg7c6,2007-02-03,1,1
A:gbz637,2007-06-24,E:ec9i6i1b4i,2007-02-21,2,2
A:28e3n9,2016-11-04,E:5izq0ojdxs,2016-09-23,1,1
A:y2t82w,2002-01-29,E:dl0ee07h1c,2001-02-27,1,0
A:y2t82w,2002-09-22,E:20an1mcwkw,2002-01-29,2,1
A:y2t82w,2003-09-25,E:0jah8m9531,2002-09-22,3,2
A:y2t82w,2008-05-27,E:mzuc2cz16r,2008-01-17,1,1
A:4dos97,2001-01-19,E:ihjp8wctq2,2001-01-19,1,1
A:4dos97,2002-03-30,E:feeh6qhwiw,2002-01-26,1,1
A:4dos97,2002-08-17,E:kf3r8hx9c4,2002-08-16,1,1
A:4dos97,2002-12-17,E:0ib37t3q41,2002-12-04,1,1
A:4dos97,2003-03-02,E:d2gqy3mwcv,2003-02-13,1,1
A:4dos97,2003-07-22,E:76uz75a7sk,2003-03-14,1,1
A:4dos97,2004-05-02,E:2ureoeunkx,2003-08-12,1,1
A:4dos97,2004-12-01,E:htkoxfov4d,2004-10-27,1,1
A:4dos97,2004-12-07,E:u32qwxmpaa,2004-12-01,2,2
A:4dos97,2005-03-05,E:bv2s93f5fg,2004-12-07,3,3
A:4dos97,2005-05-01,E:h2chmwz99n,2005-03-05,4,4
A:4dos97,2005-05-23,E:qrw8kqwuwy,2005-05-23,1,0
A:4dos97,2006-07-04,E:ra9ndszaz0,2005-11-29,1,1
A:4dos97,2007-03-22,E:mzwbnejmny,2006-10-17,1,1
A:ux1nsb,2001-09-26,E:4lukoc5lnn,2001-05-11,1,1
A:ux1nsb,2002-04-15,E:a26l9krqzm,2001-09-26,2,2
A:ux1nsb,2002-06-12,E:963rx693yq,2002-04-15,3,3
A:ux1nsb,2003-05-05,E:sflrag9i7s,2002-11-18,1,0
A:ux1nsb,2004-02-09,E:m2o2de6c4s,2003-05-05,2,0
A:ux1nsb,2005-05-31,E:j2llnb56y7,2004-02-09,3,1
A:ux1nsb,2006-02-18,E:gyhq2bdo41,2005-05-31,4,2
A:fyvrhw,2010-12-30,E:9zqfni2nuf,2010-09-09,1,3
A:fyvrhw,2011-06-27,E:zihum5mdv6,2010-12-30,2,4
A:ii3vcg,2016-01-24,E:ukfpjw8l0m,2015-06-14,1,0
A:ii3vcg,2016-12-02,E:tcgsb4l2au,2016-10-13,1,1
A:0prdc5,2009-06-10,E:2af0y1l7ln,2008-05-10,1,1
A:dhbjm7,2010-12-24,E:09eft285nm,2010-08-24,1,1
A:dhbjm7,2011-03-24,E:kxwffjht4r,2011-01-31,1,1
A:dhbjm7,2012-12-16,E:mvw3folk2e,2012-10-21,1,0
A:dhbjm7,2013-05-09,E:n1irriqq8i,2012-12-16,2,1
A:dhbjm7,2013-06-27,E:cdchpppzil,2013-05-09,3,2
A:u8uma6,2003-01-28,E:7zfm1v559d,2002-11-27,1,1
A:u8uma6,2003-04-08,E:1h8by581b0,2003-01-28,2,2
A:u8uma6,2004-04-07,E:87a32pejla,2003-06-25,1,1
A:u8uma6,2004-09-27,E:3nh4sqc3ye,2004-09-14,1,1
A:u8uma6,2006-06-27,E:o1bsrrxs8b,2006-03-21,1,1
A:u8uma6,2006-06-27,E:fms3v3hdjh,2006-06-27,2,2
A:u8uma6,2006-11-21,E:u9pbaz65gr,2006-10-19,1,1
A:u8uma6,2007-04-28,E:sniso04td7,2006-12-15,1,1
A:u8uma6,2007-10-09,E:qi2th9g0b6,2007-04-28,2,2
A:u8uma6,2007-11-28,E:ngjb1nzlxg,2007-10-09,3,3
A:u8uma6,2008-01-05,E:z4jfcl41hq,2007-12-19,1,1
A:u8uma6,2009-04-17,E:a65bjk3is9,2009-03-06,1,1
A:u8uma6,2009-08-27,E:frs2d6ybil,2009-04-17,2,2
A:5kblgy,2010-03-15,E:0z2rwywbgq,2009-08-03,1,0
A:5kblgy,2010-08-30,E:uww86txsop,2010-03-15,2,0
A:5kblgy,2010-09-13,E:l9f97hv4fe,2010-08-30,3,1
A:5kblgy,2012-02-19,E:dr910s9jr3,2011-01-29,1,1
A:5kblgy,2012-02-22,E:b3lsomz3yg,2012-02-19,2,2
A:65alcr,2012-11-29,E:tx3u7jhbpt,2012-02-27,1,1
A:65alcr,2014-10-30,E:e9unb08fix,2014-06-29,1,1
A:65alcr,2014-12-28,E:dabdjszg7o,2014-10-30,2,2
A:65alcr,2016-09-16,E:tq8hzam8yg,2016-01-30,1,1
A:65alcr,2016-09-16,E:3gyrjb2bjz,2016-09-16,2,1
A:65alcr,2016-11-11,E:0i7k9xi2dd,2016-09-16,3,1
A:6j4gex,2006-03-07,E:3bkqz3a4yu,2006-03-07,1,0
A:6j4gex,2006-05-15,E:5xlc1a67xu,2006-03-27,1,1
A:4gis2a,2011-02-15,E:ler7gjiwv2,2010-08-31,1,0
A:4gis2a,2012-06-15,E:5kbzzxdl5q,2012-05-21,1,1
A:4gis2a,2012-12-22,E:hb6kkztgaw,2012-06-15,2,2
A:xx5sxp,2016-11-11,E:nucddxl2jc,2016-05-24,1,1
A:xx5sxp,2016-11-28,E:cn2q3byl2s,2016-11-11,2,2
A:xx5sxp,2017-04-21,E:s2fw3a2xdv,2017-01-22,1,1
A:93pqxt,2005-02-06,E:tt6ytsrb6e,2004-05-02,1,0
A:93pqxt,2005-04-20,E:nwn17ko5tp,2005-02-06,2,1
A:93pqxt,2006-05-06,E:vedzmdn673,2005-11-19,1,1
A:d35qlz,2012-11-02,E:74i94a34ho,2010-11-05,1,0
A:4anwnm,2002-12-06,E:8exdsotzp4,2002-11-09,1,1
A:4anwnm,2003-09-01,E:evgw3v47ba,2002-12-19,1,1
A:4anwnm,2004-01-29,E:303566iwvz,2003-09-01,2,2
A:4anwnm,2005-05-19,E:dtml5vprkr,2005-04-18,1,1
A:4anwnm,2008-01-17,E:npevg5maxo,2006-01-16,1,1
A:hkztyi,2015-05-21,E:769qf3wk5i,2015-05-21,1,0
A:hkztyi,2017-01-10,E:dkvlc5xyuh,2015-06-30,1,0
A:g387mk,2000-05-07,E:ibxauuz4nl,2000-01-27,1,1
A:g387mk,2001-02-07,E:40enakacew,2000-11-23,1,1
A:o8ffph,2004-02-09,E:yrhxe2fbfw,2003-02-20,1,1
A:o8ffph,2006-03-12,E:82019cuk3a,2006-03-09,1,1
A:o8ffph,2006-06-03,E:dv2gat3g1i,2006-03-12,2,2
A:ud4mai,2010-08-06,E:jjy6tn50l6,2010-07-22,1,1
A:ud4mai,2012-11-04,E:vvgcampecm,2012-02-02,1,1
A:ud4mai,2013-12-06,E:6dwpq70407,2013-10-25,1,1
A:ud4mai,2015-10-17,E:zghd2wx2g6,2015-10-12,1,1
A:ud4mai,2015-12-12,E:5fjizrjq0p,2015-10-17,2,1
A:ud4mai,2016-12-08,E:0kuzvhxdut,2015-12-12,3,2
A:ud4mai,2017-02-04,E:a0ur50ljk2,2016-12-08,4,3
A:rd3kvr,2007-10-22,E:89ppf8a3xb,2007-03-24,1,1
A:rd3kvr,2008-01-15,E:a2l2at0az7,2007-10-22,2,2
A:rd3kvr,2008-02-06,E:jdod2slzu0,2008-01-15,3,3
A:rd3kvr,2008-06-23,E:h8qvj9eqr4,2008-02-06,4,4
A:rd3kvr,2009-08-23,E:7iobz6kj2b,2009-05-03,1,0
A:rd3kvr,2009-10-19,E:busm30fpk1,2009-08-23,2,1
A:rd3kvr,2010-05-04,E:zwm8tf70i3,2010-01-26,1,1
A:rd3kvr,2013-06-11,E:6c5b1n742r,2013-02-19,1,0
A:vfoyu9,2013-03-24,E:s3c7dvt3wv,2012-12-24,1,1
A:vfoyu9,2013-07-02,E:fpjq16jaow,2013-03-24,2,2
A:g7guie,2009-09-28,E:xafjn5sea0,2009-05-23,1,1
A:g7guie,2010-09-18,E:lrdz8gua30,2009-10-12,1,1
A:g7guie,2012-04-05,E:yzmx3z2u65,2012-02-09,1,0
A:g7guie,2012-04-20,E:dfu5psnvqw,2012-04-05,2,1
A:n60kxj,2006-05-08,E:anvsb8rz61,2005-09-26,1,0
A:n60kxj,2007-12-11,E:iv53ypgoui,2007-03-06,1,0
A:qhj28a,2009-12-11,E:lrhe6ziw5h,2009-11-03,1,1
A:qhj28a,2010-12-23,E:8ppp4rhsd5,2010-07-05,1,1
A:qhj28a,2011-11-30,E:2wkfqqlbko,2010-12-23,2,2
A:qhj28a,2012-01-01,E:rl7gvflstm,2011-12-15,1,1
A:qhj28a,2012-06-02,E:6qhwv3vji9,2012-04-17,1,1
A:qhj28a,2012-07-28,E:pcpy899y7t,2012-06-02,2,1
A:lj5dfr,2002-11-09,E:z8ump6q9ei,2002-11-06,1,1
A:lj5dfr,2003-06-20,E:4prchu6fse,2002-11-21,1,1
A:lj5dfr,2003-08-13,E:paq1a97y9b,2003-06-20,2,2
A:lj5dfr,2003-08-13,E:zynvyyfwye,2003-08-13,3,2
A:lj5dfr,2004-08-27,E:9h70nbb5xl,2003-08-13,1,1
A:lj5dfr,2006-04-23,E:kqebq5ydaw,2005-06-11,1,1
A:lj5dfr,2008-03-28,E:y8j1g440w4,2008-02-18,1,1
A:lj5dfr,2008-06-19,E:oce0i4wxt1,2008-03-28,2,2
A:e0ozr4,2005-03-03,E:4k657360xz,2004-03-01,1,1
A:e0ozr4,2005-03-03,E:nzdxm8jio0,2005-03-03,2,1
A:e0ozr4,2005-04-29,E:2s89ahjy75,2005-03-03,3,2
A:e0ozr4,2006-10-07,E:cmgx07gb19,2005-07-12,1,1
A:e0ozr4,2007-05-27,E:royegy72f9,2006-10-07,2,2
A:e0ozr4,2007-07-05,E:a54z617yh4,2007-05-27,3,3
A:e0ozr4,2007-07-18,E:jqyo9nk0rv,2007-07-05,4,4
A:e0ozr4,2007-09-12,E:lrynnpya8a,2007-07-18,5,4
A:e0ozr4,2008-10-20,E:q7y1eqxu9e,2007-09-12,6,5
A:e0ozr4,2009-10-15,E:g759tef1ob,2009-06-25,1,0
A:zntvay,2001-06-29,E:3au1t05cgq,2001-01-01,1,1
A:yzlbfd,2007-12-17,E:eag8aixcjq,2007-10-22,1,0
A:yzlbfd,2009-07-14,E:9gpudl1b5d,2009-07-02,1,1
A:pzplvv,2000-06-27,E:jcr2kde7op,2000-05-17,1,1
A:pzplvv,2001-03-25,E:c3gmrncie3,2000-07-29,1,1
A:pzplvv,2001-05-20,E:u8hat42j7v,2001-03-25,2,1
A:1caz7g,2016-01-13,E:9bici6580e,2015-03-16,1,10
A:6sdpm4,2004-10-04,E:4t9ydflo94,2004-01-06,1,1
A:6sdpm4,2004-10-24,E:4jk5hl50vx,2004-10-04,2,2
A:6tveej,2008-12-11,E:e2n14mjyp9,2008-11-15,1,1
A:6tveej,2010-04-15,E:66xbkgqwuy,2010-02-18,1,0
A:6tveej,2011-03-16,E:lpvw1buytv,2011-03-09,1,1
A:6tveej,2011-09-25,E:4nhv9wog0u,2011-03-16,2,2
A:6tveej,2011-12-14,E:3ycokdpdbb,2011-09-25,3,3
A:6tveej,2012-06-06,E:cv7am5sr8g,2012-05-05,1,1
A:6tveej,2013-11-27,E:xb8twtbg61,2013-10-17,1,1
A:6tveej,2014-04-08,E:0a375g63zo,2014-02-07,1,1
A:6tveej,2014-06-28,E:a9euxxehxv,2014-06-19,1,1
A:6tveej,2015-07-12,E:gwn8nzna2a,2015-05-17,1,0
A:6tveej,2015-09-15,E:csaphctrql,2015-07-12,2,1
A:6tveej,2015-11-03,E:833yla23ld,2015-10-05,1,1
A:6tveej,2016-02-07,E:jtxhx5zraz,2015-11-03,2,2
A:6tveej,2016-10-21,E:24yrefvhoi,2016-02-07,3,3
A:8199h9,2013-05-04,E:ayihjbgo3u,2012-10-25,1,1
A:8199h9,2015-01-20,E:8q2qfrw3b9,2014-08-31,1,1
A:8199h9,2017-04-23,E:sorg178qp4,2016-11-29,1,1
A:97ylg8,2005-11-28,E:y8k3q5qn0q,2005-10-26,1,1
A:97ylg8,2006-05-23,E:x3tw23p8g4,2005-11-28,2,2
A:97ylg8,2006-06-23,E:synfi2wqeh,2006-05-23,3,3
A:97ylg8,2007-11-10,E:3i2868bld2,2007-03-31,1,0
A:97ylg8,2008-01-07,E:xrovojnusn,2007-11-10,2,1
A:97ylg8,2008-08-25,E:3z7rbp648y,2008-01-07,3,2
A:97ylg8,2009-10-23,E:7fs1jcnif3,2008-11-14,1,1
A:97ylg8,2013-04-14,E:sn78gntxx8,2012-06-30,1,1
A:97ylg8,2013-08-04,E:ytbc413y26,2013-04-14,2,1
A:97ylg8,2013-09-03,E:fcvhnk9pqc,2013-08-04,3,2
A:97ylg8,2013-09-03,E:d8sms0a6nh,2013-09-03,4,2
A:w43gkd,2016-03-08,E:u11w1j40qp,2016-01-22,1,1
A:w43gkd,2016-12-22,E:d29jxeenjc,2016-08-14,1,1
A:w43gkd,2017-02-14,E:ab6qdqh5aa,2016-12-22,2,2
A:w43gkd,2017-04-01,E:n0riqe2cg3,2017-02-14,3,3
A:whqnsi,2002-06-15,E:14rlz58mbl,2001-11-03,1,0
A:whqnsi,2004-09-29,E:3r9e6ps92g,2004-09-07,1,1
A:whqnsi,2005-02-22,E:uk63eybcfe,2004-12-28,1,0
A:whqnsi,2006-01-12,E:kzaoybwwu0,2005-06-02,1,0
A:o3jqnp,2014-12-15,E:qx990gb6g6,2014-10-08,1,1
A:o3jqnp,2015-01-16,E:bllxnjm3g1,2015-01-10,1,1
A:o3jqnp,2015-03-12,E:2v1glex6p6,2015-01-16,2,2
A:o3jqnp,2016-04-02,E:43wm39p76p,2016-02-06,1,0
A:hblnam,2009-08-04,E:iwbalh8nra,2009-05-20,1,1
A:hblnam,2011-01-29,E:y8j9lt3iqf,2009-08-13,1,1
A:hblnam,2011-12-05,E:hqfqi02fne,2011-01-29,2,2
A:vufnxf,2014-10-30,E:4004rhczd6,2014-09-04,1,0
A:vufnxf,2014-12-09,E:3tny7ob4sm,2014-10-30,2,1
A:vufnxf,2015-06-21,E:ljhcvgohue,2015-04-25,1,1
A:vufnxf,2015-07-22,E:4jor4c6rx8,2015-06-21,2,2
A:exr0sg,2010-02-27,E:cn369tk0sd,2009-10-20,1,1
A:exr0sg,2010-02-28,E:pipr053lyz,2010-02-27,2,2
A:exr0sg,2010-07-30,E:qdtmw3ckjv,2010-02-28,3,3
A:exr0sg,2011-06-25,E:h8h15y5fq0,2010-07-30,4,4
A:exr0sg,2012-06-26,E:exelj2an1t,2011-06-25,5,5
A:exr0sg,2013-02-21,E:9v9rodthzr,2012-11-01,1,0
A:exr0sg,2013-03-22,E:nm8tkuhxon,2013-02-21,2,1
A:exr0sg,2015-05-20,E:dyq33r9tek,2013-06-08,1,1
A:exr0sg,2016-07-01,E:m008cnxzcf,2015-09-25,1,0
A:exr0sg,2016-07-01,E:v51gzqldag,2016-07-01,2,0
A:l8digl,2016-07-03,E:vnvai87dy4,2016-02-26,1,1
A:l8digl,2016-11-26,E:oh8190p88j,2016-09-27,1,1
A:cwza68,2008-10-21,E:u7m0dtx1zi,2008-10-21,1,0
A:cwza68,2009-02-10,E:17od2db7sf,2008-10-21,2,0
A:cwza68,2009-03-24,E:xc8fra1sy5,2009-02-10,3,1
A:cwza68,2010-03-03,E:k8d88k78sh,2009-11-11,1,0
A:cwza68,2011-01-07,E:c7cre6zdnl,2010-04-28,1,1
A:cwza68,2012-11-20,E:xdpy4emc04,2012-03-09,1,1
A:cwza68,2013-12-14,E:ia1dshi0d1,2013-10-22,1,1
A:cwza68,2013-12-14,E:z3wu74lt6r,2013-12-14,2,1
A:cwza68,2014-01-04,E:rtcj7d7x1c,2013-12-14,3,2
A:cwza68,2014-06-07,E:mmprdzh5vd,2014-02-04,1,1
A:cwza68,2014-10-17,E:bp8d9dquz6,2014-06-07,2,2
A:cwza68,2016-01-15,E:jdyiairc5d,2015-11-18,1,1
A:cwza68,2016-05-20,E:4xqn54k1k5,2016-01-15,2,2
A:l3qaqq,2014-05-23,E:romjcztavt,2014-01-01,1,1
A:yapyai,2006-03-06,E:2p9414hem2,2005-12-18,1,1
A:yapyai,2006-12-28,E:pwdoj9zg38,2006-09-12,1,1
A:yapyai,2007-11-23,E:6ztvaiw3jh,2007-02-16,1,1
A:yapyai,2008-07-22,E:5akhcplu9y,2007-11-23,2,2
A:yapyai,2008-10-22,E:j19zsxnpn7,2008-07-22,3,3
A:yapyai,2008-12-23,E:wjz8lwqn81,2008-10-22,4,4
A:yapyai,2009-08-24,E:t95rw3ygkr,2009-02-20,1,1
A:yapyai,2010-09-08,E:4etcp907rj,2009-10-23,1,1
A:0dg9zy,2004-08-23,E:jan6u2mv89,2004-08-17,1,1
A:0dg9zy,2005-01-09,E:5l7ul8drs9,2004-08-23,2,2
A:0dg9zy,2005-09-13,E:7xb00w3q9l,2005-04-07,1,1
A:0dg9zy,2006-05-12,E:0l3jx30217,2006-05-06,1,1
A:0dg9zy,2006-07-07,E:vdzq3qs82a,2006-05-12,2,1
A:0dg9zy,2006-10-27,E:xfg97i11ni,2006-07-07,3,1
A:0dg9zy,2008-08-02,E:05u5uvk30c,2008-07-08,1,1
A:0dg9zy,2009-07-16,E:h5y2xp45y7,2009-03-26,1,0
A:0dg9zy,2009-08-23,E:2d9rmzmxfz,2009-07-16,2,1
A:cxdu0y,2001-02-09,E:kdbdipuna8,2001-02-05,1,1
A:cxdu0y,2002-05-30,E:rhnf81zdio,2001-03-28,1,1
A:cxdu0y,2002-08-07,E:qe685zlxu4,2002-05-30,2,2
A:cxdu0y,2003-04-01,E:qkj9br0lf4,2002-12-09,1,1
A:qil9d7,2006-04-04,E:d4x0capcty,2005-08-11,1,1
A:qil9d7,2007-02-16,E:fgd5wmn06c,2006-10-27,1,0
A:6fy7o6,2012-12-15,E:5oisx0fi9w,2012-10-20,2,9
A:6fy7o6,2012-12-15,E:0r39hwzuba,2012-12-15,3,9
A:6fy7o6,2013-06-14,E:hd4dusuoyx,2013-03-16,1,1
A:6fy7o6,2013-08-22,E:dlqxbmpaxp,2013-06-14,2,2
A:6fy7o6,2013-10-25,E:4rtsx91cta,2013-08-22,3,3
A:6fy7o6,2014-02-11,E:071nyxlmu0,2013-10-25,4,4
A:9ks73c,2013-08-02,E:w2gxg6puib,2013-07-15,1,1
A:9ks73c,2013-11-12,E:mft9c93b0w,2013-08-02,2,2
A:9ks73c,2014-06-03,E:jcs3o6aosn,2013-11-12,3,3
A:9ks73c,2015-11-12,E:vcoar8r83o,2015-02-13,1,1
A:9ks73c,2015-11-12,E:3h51ep6xpt,2015-11-12,2,1
A:9ks73c,2016-03-19,E:bgg1ee1w21,2016-03-03,1,1
A:9ks73c,2016-09-12,E:mb7fr1q378,2016-03-21,1,1
A:9ks73c,2017-05-02,E:7z1ad25aes,2017-04-05,1,1
A:vv2tqa,2001-05-04,E:gyappt4f04,2000-10-06,1,1
A:vv2tqa,2004-11-11,E:7a31lde1ei,2004-02-05,1,0
A:vv2tqa,2008-04-24,E:j5fptrrdkt,2006-01-05,1,0
A:qgj6id,2009-12-17,E:fxraxlxrz4,2007-11-11,1,1
A:qgj6id,2010-04-04,E:ca5d6j6sj4,2009-12-17,2,2
A:qgj6id,2010-04-15,E:qc9ram4mzw,2010-04-04,3,3
A:qgj6id,2010-11-06,E:9qzk6nhcmc,2010-06-06,1,1
A:qgj6id,2011-10-20,E:ca4mw1wkuy,2011-08-25,1,0
A:hn8euw,2006-09-26,E:ibjz3dofqk,2006-07-15,1,1
A:hn8euw,2007-02-23,E:emba4l1yl2,2006-09-26,2,2
A:mcdfev,2004-05-15,E:g33b97ij2i,2004-05-15,1,0
A:mcdfev,2004-07-10,E:vag6n356ws,2004-05-15,1,0
A:mcdfev,2006-08-30,E:db83gelo0a,2005-01-31,1,1
A:mcdfev,2008-01-30,E:4uolql49dr,2007-04-25,1,0
A:mcdfev,2009-06-24,E:99urskx8k6,2008-04-02,1,0
A:mcdfev,2011-02-11,E:0585dsqjdk,2010-08-18,1,1
A:84y0cd,2001-07-28,E:t1azhvsypp,2001-05-09,1,1
A:84y0cd,2002-03-25,E:o2l5sju7z1,2002-02-04,1,1
A:84y0cd,2003-08-21,E:ndp9zfihmp,2003-08-08,1,1
A:84y0cd,2005-03-15,E:48bywumdcj,2004-08-03,1,0
A:84y0cd,2005-08-30,E:sh5wmgm55p,2005-03-15,2,1
A:84y0cd,2007-07-07,E:x3t0akbplf,2007-02-05,1,1
A:84y0cd,2007-09-01,E:tbkgxrkg19,2007-07-07,2,1
A:84y0cd,2008-01-08,E:8w4ja4vyye,2007-12-24,1,1
A:84y0cd,2008-04-14,E:78c4mrpo83,2008-03-26,1,1
A:84y0cd,2008-12-21,E:sfgl621pd0,2008-09-11,1,1
A:o56vf4,2016-12-24,E:hve5ndgi5o,2016-11-25,1,1
A:wxiii6,2006-07-23,E:4injainx1j,2006-06-27,1,1
A:wxiii6,2006-08-21,E:fx7zeh2lmo,2006-07-26,1,1
A:wxiii6,2007-05-28,E:mqzv0g0r6g,2006-08-21,1,0
A:wxiii6,2007-07-18,E:ny6wsu8pxw,2007-05-28,2,1
A:wxiii6,2007-12-31,E:tqkqm6npez,2007-09-28,1,1
A:wxiii6,2008-02-10,E:26212rznzo,2007-12-31,2,2
A:wxiii6,2009-05-02,E:hse5yd8tjj,2008-05-23,1,1
A:wxiii6,2010-06-28,E:s4cuy7mrjg,2009-05-18,1,1
A:wxiii6,2013-05-23,E:nkj1oyqdhb,2013-01-15,1,1
A:atorvu,2008-10-16,E:6cdktnnnuk,2008-03-18,1,1
A:atorvu,2009-01-16,E:bqbtjdaitl,2008-10-16,2,2
A:atorvu,2009-04-03,E:2j4jw098im,2009-01-16,3,3
A:atorvu,2009-09-17,E:epyl1tbeyu,2009-07-23,1,0
A:atorvu,2010-05-29,E:u702mv6b3f,2010-04-03,1,1
A:atorvu,2011-02-04,E:jx1ewvh6el,2011-02-04,1,0
A:atorvu,2011-05-17,E:oap63pczyk,2011-02-04,2,1
A:atorvu,2011-10-04,E:gkhx29ou10,2011-07-04,1,1
A:atorvu,2013-08-13,E:zzatwrt2ev,2013-01-02,1,1
A:atorvu,2013-09-10,E:7veceff6n6,2013-08-13,2,2
A:atorvu,2014-01-29,E:z3d3g0iobv,2013-11-16,1,1
A:atorvu,2014-05-23,E:mlwchq3zr5,2014-01-29,2,2
A:atorvu,2014-10-30,E:k3o06u1mxs,2014-05-23,3,3
A:atorvu,2014-12-25,E:0qmx3itw3r,2014-10-30,4,3
A:atorvu,2015-08-23,E:kvx02bdpvi,2015-06-24,1,1
A:atorvu,2015-10-15,E:1eyrsvdwa4,2015-08-23,2,2
A:atorvu,2016-04-24,E:vujnkbqkwv,2016-02-22,1,1
A:j402zd,2003-07-09,E:83xv2wg6ri,2003-04-07,1,1
A:j402zd,2004-09-23,E:rthsgwaav2,2004-09-23,1,0
A:r6kf06,2002-05-16,E:rpdxqafsk0,2001-10-21,1,1
A:r6kf06,2002-07-29,E:4rtp8juhky,2002-07-04,1,1
A:r6kf06,2003-08-25,E:42l4zhhmsn,2002-07-29,2,1
A:5j07tf,2001-10-07,E:4fz4a1byr9,2000-02-17,1,1
A:5j07tf,2001-10-07,E:4v2ywpha1z,2001-10-07,2,1
A:5j07tf,2001-10-13,E:u6glhk01nu,2001-10-07,3,2
A:5j07tf,2003-03-20,E:7lk7er20aa,2001-10-13,4,3
A:5j07tf,2004-01-03,E:lau2mux09j,2003-11-28,1,1
A:5j07tf,2004-01-22,E:snndwnxe6y,2004-01-03,2,2
A:axpxud,2001-12-16,E:pxpz4zc5tb,2001-06-11,1,10
A:axpxud,2002-09-15,E:eirvftblz2,2001-12-16,2,11
A:axpxud,2003-04-27,E:zcyl1el38a,2003-01-05,1,0
A:axpxud,2003-04-27,E:bhyt7a5wjj,2003-04-27,2,1
A:axpxud,2003-05-19,E:02glbp243j,2003-04-27,3,2
A:axpxud,2003-07-14,E:6gpginyen0,2003-05-19,4,2
A:axpxud,2003-09-01,E:is7zaukutv,2003-09-01,1,0
A:axpxud,2003-12-10,E:yrrz4aprm3,2003-10-15,1,0
A:axpxud,2004-01-06,E:3mly4bgr1f,2003-12-10,2,1
A:axpxud,2004-01-21,E:676o5n177z,2004-01-06,3,2
A:axpxud,2004-01-23,E:ftznt20kpc,2004-01-21,4,3
A:axpxud,2004-08-05,E:qp2sh65j59,2004-01-23,5,4
A:axpxud,2006-09-22,E:0z8dotdn0m,2006-02-19,1,1
A:axpxud,2007-03-28,E:xesij0u6dt,2007-03-28,1,0
A:axpxud,2007-06-01,E:nkfbgy289a,2007-03-28,2,1
A:axpxud,2007-09-10,E:uf9mz4n8dn,2007-06-29,1,1
A:axpxud,2008-04-23,E:yz5vyq436g,2008-02-23,1,1
A:axpxud,2009-11-16,E:eezwua07yq,2009-10-06,1,1
A:o57n0g,2011-10-17,E:2ow6w1169x,2011-08-22,1,0
A:o57n0g,2013-02-06,E:71vyutnwyl,2012-07-22,1,1
A:o57n0g,2013-06-20,E:h74i5upp9c,2013-04-29,1,1
A:o57n0g,2014-01-29,E:puz3j35aqh,2013-06-20,2,2
A:o57n0g,2014-09-29,E:h05ysh6sy5,2014-08-03,1,1
A:o57n0g,2015-02-12,E:x0e08jbumk,2014-09-29,2,2
A:o57n0g,2015-04-03,E:j42m2ps8to,2015-02-12,3,3
A:o57n0g,2015-07-21,E:55d1rq6a39,2015-07-21,1,0
A:7520px,2008-12-22,E:0y4v5p9yjq,2008-07-19,1,1
A:7520px,2009-07-13,E:arz5gzpxth,2009-06-26,1,1
A:7520px,2010-01-31,E:zb9qb7bsw0,2009-11-07,1,1
A:7520px,2010-03-07,E:lp33ru0pee,2010-01-31,2,2
A:7520px,2010-03-10,E:wodqztiy61,2010-03-07,3,3
A:7520px,2010-08-05,E:yxurdpvjtm,2010-05-28,1,1
A:7520px,2011-07-10,E:agu6rnmi3h,2010-08-05,2,2
A:7520px,2012-03-14,E:wrr7qcef2q,2011-07-10,3,3
A:4yxzk8,2016-03-13,E:aphgxf063a,2015-08-07,1,1
A:4yxzk8,2016-05-08,E:hkkklnpfq6,2016-03-13,2,1
A:4yxzk8,2016-07-31,E:8caqi20flc,2016-06-13,1,1
A:r0sjwq,2011-03-07,E:iipodbl65u,2011-02-21,1,1
A:r0sjwq,2011-06-21,E:qaia0dv7e3,2011-03-07,2,2
A:r0sjwq,2012-05-18,E:8qpeshphzr,2012-01-10,1,1
A:r0sjwq,2012-11-02,E:oo49ce8wx4,2012-05-18,2,1
A:r0sjwq,2013-03-23,E:uggdzdx4xp,2013-02-15,1,1
A:r0sjwq,2014-04-14,E:w7dzty6m1g,2014-02-03,1,1
A:r0sjwq,2015-09-19,E:yp69oggv56,2015-04-12,1,1
A:r0sjwq,2015-12-06,E:emlutmjghn,2015-09-19,2,2
A:r0sjwq,2016-01-31,E:tz6g2ormso,2015-12-06,3,2
A:r0sjwq,2016-11-09,E:semdd85ytv,2016-01-31,4,3
A:h28j3k,2015-06-27,E:b2tzvgt27p,2014-07-25,1,1
A:h28j3k,2016-07-23,E:i7rp5rkxvs,2016-01-06,1,1
A:h28j3k,2017-01-30,E:ulgtjlq4s7,2016-08-15,1,0
A:13c9od,2007-01-13,E:l9oj5ijzzm,2006-09-15,1,1
A:13c9od,2007-05-09,E:a05648iyur,2007-01-13,2,2
A:13c9od,2007-05-12,E:tg5t8im4eq,2007-05-09,3,3
A:13c9od,2008-01-23,E:idmwot8rfq,2007-08-26,1,1
A:ufrt9p,2017-01-13,E:1m8rt2fqjd,2016-10-23,1,1
A:5y8vqn,2003-07-02,E:e057sgy8f2,2003-01-15,1,0
A:5y8vqn,2003-12-13,E:7daj92me7t,2003-07-02,2,1
A:5y8vqn,2004-01-12,E:9nuz1xik2m,2003-12-13,3,2
A:5y8vqn,2004-09-23,E:3mrpxlyj3s,2004-01-12,4,3
A:5y8vqn,2004-11-18,E:21lhn8xiq7,2004-09-23,5,3
A:5y8vqn,2006-09-06,E:ewsq3yhwx5,2006-08-10,1,1
A:5y8vqn,2006-11-01,E:rgug2c852a,2006-09-06,2,1
A:5y8vqn,2006-11-30,E:4h61hmwbw6,2006-11-01,3,2
A:5y8vqn,2007-08-26,E:acudwjo6py,2006-12-07,1,1
A:5y8vqn,2010-01-12,E:nkcpu0km62,2008-02-09,1,1
A:5y8vqn,2011-04-14,E:wyxbdh0dgr,2010-11-14,1,1
A:ykopd2,2014-03-25,E:wfvww1ykcv,2013-03-07,1,1
A:05y6pa,2008-11-26,E:a6p6ral8ln,2006-08-07,1,1
A:05y6pa,2011-04-23,E:0d245d31r0,2011-03-03,1,1
A:05y6pa,2011-08-08,E:7ht9xuquqq,2011-04-23,2,2
A:05y6pa,2012-04-23,E:0hzvrzjk52,2011-08-08,3,3
A:05y6pa,2012-12-03,E:1tad0eo78a,2012-04-23,4,3
A:05y6pa,2013-09-25,E:9jdclu06a6,2012-12-03,5,4
A:tzbon5,2017-02-06,E:scc98k9bah,2016-11-12,1,3
A:u1ooyr,2014-03-18,E:0wfhl60u7t,2014-01-14,1,1
A:u1ooyr,2014-07-08,E:x5foz683lc,2014-03-18,1,0
A:u1ooyr,2015-01-07,E:6u2f6fdkbn,2014-09-17,1,0
A:u1ooyr,2015-10-26,E:vkio1pp9j8,2015-08-12,1,1
A:u1ooyr,2016-07-26,E:odgo84tgib,2016-03-12,1,1
A:u1ooyr,2016-10-01,E:lmj9z1tqt4,2016-07-26,2,2
A:7wypua,2001-07-20,E:xbp2sfpbag,2001-07-13,1,1
A:7wypua,2003-04-30,E:cemkn3yg1e,2003-02-04,1,1
A:7wypua,2004-06-25,E:cqg52lbbhv,2003-11-29,1,1
A:7wypua,2006-08-17,E:52bijyc4j0,2006-08-17,1,0
A:7wypua,2006-12-07,E:o7vrt7bouh,2006-08-17,2,0
A:7wypua,2008-03-26,E:jpccekwjmo,2007-12-24,1,1
A:4ankgt,2007-04-29,E:6qp61em0vx,2007-03-15,1,1
A:4ankgt,2007-11-23,E:be3aavovr9,2007-10-23,1,1
A:4f0kgt,2012-03-28,E:2aa2ef8t79,2011-08-20,1,1
A:4f0kgt,2012-06-19,E:3yzlhtbojj,2012-03-28,2,2
A:4f0kgt,2012-10-03,E:lqvewe01tm,2012-06-19,3,3
A:4f0kgt,2012-11-02,E:pe8mc51i8p,2012-10-03,4,4
A:u78te3,2009-04-18,E:p2k6wydz3l,2008-11-30,1,1
A:u78te3,2009-12-11,E:lpzwf3fzvt,2009-04-18,2,2
A:u78te3,2013-01-04,E:xxngnetzeb,2012-08-15,1,1
A:u78te3,2013-01-18,E:s4a280hwyu,2013-01-04,2,2
A:u78te3,2013-03-26,E:lxfoik8zuy,2013-02-07,1,1
A:u78te3,2014-01-12,E:19dwe8cuns,2013-09-03,1,1
A:u78te3,2014-09-16,E:q4j9ldtynq,2014-05-08,1,1
A:u78te3,2016-11-10,E:cau8h1bcyv,2016-01-29,1,1
A:77f0ch,2003-01-25,E:f3nkykndkq,2003-01-25,1,0
A:77f0ch,2003-03-29,E:dl5xfec5cw,2003-01-25,2,1
A:77f0ch,2003-08-09,E:entbsulbab,2003-05-06,1,1
A:77f0ch,2003-08-22,E:qxlh1ce0by,2003-08-09,2,2
A:77f0ch,2004-11-25,E:4roglqnns2,2003-08-22,3,3
A:271d3q,2006-11-21,E:efr9txo7w4,2006-07-22,1,1
A:271d3q,2007-06-25,E:gfbt7fh7ob,2007-04-24,1,1
A:271d3q,2010-01-15,E:t90leqin6w,2009-11-17,1,1
A:271d3q,2010-11-20,E:pxj8jocp78,2010-10-05,1,1
A:271d3q,2010-12-26,E:qy89coto5l,2010-11-20,2,2
A:271d3q,2011-07-01,E:mww9b2tkk2,2010-12-26,3,3
A:6tjk91,2013-12-20,E:8jc79vy22x,2013-08-22,1,1
A:j9z5oa,2013-11-29,E:615cenn937,2013-11-21,1,1
A:j9z5oa,2014-07-11,E:se4t01en2h,2013-11-29,2,2
A:j9z5oa,2015-07-21,E:t9xle5dluw,2015-02-03,1,0
A:j9z5oa,2015-11-16,E:8kvtdqkys9,2015-07-21,1,1
A:100egl,2008-08-24,E:iyaibnxhcf,2008-05-04,1,0
A:100egl,2009-11-28,E:9aok0p0tma,2008-08-24,2,1
A:100egl,2010-01-23,E:ncsnldmtb2,2009-11-28,3,1
A:100egl,2010-01-23,E:5wkj1wu0fm,2010-01-23,4,1
A:100egl,2010-07-07,E:9ec1byqlvg,2010-04-13,1,1
A:bo36ea,2005-07-06,E:kwm2xepa67,2005-05-04,1,1
A:bo36ea,2006-04-26,E:0wspidj7y1,2005-07-06,2,2
A:bo36ea,2006-08-16,E:doim7h7955,2006-04-26,3,2
A:bo36ea,2007-02-01,E:ebpk409f3z,2006-10-03,1,1
A:bo36ea,2007-12-08,E:oaykjns3x9,2007-10-28,1,1
A:bo36ea,2008-03-22,E:tt067cpsc0,2008-03-11,1,1
A:bo36ea,2008-05-26,E:zgyv7a679f,2008-03-22,2,2
